{
    "calculated_on": "Codons",
    "coverage": 72.91444759063623,
    "mut_per_sequence": 0.6222689772427253}