{
    "calculated_on": "Codons",
    "coverage": 75.64824509225552,
    "mut_per_sequence": 0.63704327903001}