{
    "calculated_on": "DNA",
    "coverage": 75.23335085963981,
    "mut_per_sequence": 0.2663398262095244
}