{
    "calculated_on": "DNA",
    "coverage": 78.41059224988733,
    "mut_per_sequence": 0.2994665613997691
}