{
    "calculated_on": "DNA",
    "coverage": 72.76536480153634,
    "mut_per_sequence": 1.2090756144874133}