{
    "calculated_on": "DNA",
    "coverage": 75.64824509225552,
    "mut_per_sequence": 1.2240311952357994}