{
    "calculated_on": "Codons",
    "coverage": 75.2649520271176,
    "mut_per_sequence": 0.26572522934284837
}