{
    "calculated_on": "Codons",
    "coverage": 78.41059224988733,
    "mut_per_sequence": 0.298700640992654
}