{
    "calculated_on": "AA",
    "coverage": 75.25592041350663,
    "mut_per_sequence": 0.18960383749643614
}