{
    "calculated_on": "AA",
    "coverage": 78.41059224988733,
    "mut_per_sequence": 0.2131915956271897
}