{
    "calculated_on": "AA",
    "coverage": 72.83982991345782,
    "mut_per_sequence": 0.5313111915078348}