{
    "calculated_on": "AA",
    "coverage": 75.64824509225552,
    "mut_per_sequence": 0.5424868872505813
}